{"cameraMode":{"drawMode":0,"name":"Shaded","section":"Shading Mode"},"sceneLighting":true,"audioPlay":false,"sceneViewState":{"m_AlwaysRefresh":true,"showFog":true,"showSkybox":false,"showFlares":true,"showImageEffects":true,"showParticleSystems":true,"showVisualEffectGraphs":true,"m_FxEnabled":true},"in2DMode":false,"pivot":{"x":214.65609741210938,"y":6.210000038146973,"z":-5.489999771118164},"rotation":{"x":-0.184762105345726,"y":0.038968972861766818,"z":-0.008371260948479176,"w":-0.9820741415023804},"size":153.92803955078126,"orthographic":false}